{
    "loss": 13.98936653137207,
    "accuracy": 0.5467625856399536
}