{
    "loss": 9.493776321411133,
    "accuracy": 0.5179855823516846
}